
[
    {
        "id": 11,
        "name": "Mega",
        "email": "mega@mega.com",
        "password": "a12345",
        "coupons": null
    },
    {
        "id": 12,
        "name": "Profit",
        "email": "profit@pro.com",
        "password": "1234p",
        "coupons": null
    },
    {
        "id": 13,
        "name": "Bug",
        "email": "bug@Bug.com",
        "password": "b1234",
        "coupons": null
    },
    {
        "id": 14,
        "name": "BBB",
        "email": "BBB@bbb.com",
        "password": "3b56",
        "coupons": null
    }
]