[
    {
        "id": 116,
        "companyID": 14,
        "title": "free fries",
        "description": "free fries with every burger",
        "startDate": "2019-06-29",
        "endDate": "2020-06-29",
        "amount": 9,
        "price": 50.0,
        "image": "116",
        "category": 3
    },
    {
        "id": 117,
        "companyID": 14,
        "title": "free drink",
        "description": "free drink with every burger",
        "startDate": "2019-06-29",
        "endDate": "2020-06-29",
        "amount": 6,
        "price": 45.0,
        "image": "117",
        "category": 4
    },
    {
        "id": 118,
        "companyID": 14,
        "title": "50% off burger",
        "description": "50% off of every burger",
        "startDate": "2019-06-29",
        "endDate": "2020-06-29",
        "amount": 10,
        "price": 50.0,
        "image": "118",
        "category": 3
    }
]