ID,COMPANY_ID,CATEGORY_ID,TITLE,DESCRIPTION,START_DATE,END_DATE,AMOUNT,PRICE,IMAGE
116,14,3,"free fries","free fries with every burger","2019-06-29 00:00:00","2020-06-29 00:00:00",5,100,116
118,14,3,"50% off burger","50% off of every burger","2019-06-29 00:00:00","2020-06-29 00:00:00",5,50,118
129,14,4,"30% lamp","nice lamp!","2019-10-16 00:00:00","2020-10-16 00:00:00",0,120,129
138,14,5,"50% off meal","buy 50% off meal","2019-10-20 00:00:00","2020-10-20 00:00:00",3,47,50.meal
139,11,3,"40% off chicken ","40% off chicken","2019-10-21 00:00:00","2020-10-21 00:00:00",3,30,chicken
