id,client_id,amount,date,description,name
1,0,100,2019-10-19,2,myIncome
2,0,100,2019-10-19,2,myIncome
3,2,50,2019-10-19,0,myIncome
4,9,120,2019-10-19,0,"purchase income"
8,11,100,2019-10-19,NULL,"purchase income"
9,0,50,2019-10-19,NULL,"purchase income"
10,11,50,2019-10-19,NULL,"purchase income"
11,9,120,2019-10-19,0,"purchase income"
12,9,100,2019-10-19,NULL,"purchase income"
13,9,120,2019-10-19,0,"purchase income"
14,9,100,2019-10-19,NULL,"purchase income"
15,9,100,2019-10-19,0,"purchase income"
16,14,100,2019-10-19,1,"new coupon income"
17,14,41,2019-10-19,2,"upadate income"
18,14,44,2019-10-20,NULL,"upadate income"
19,9,100,2019-10-20,0,"purchase income"
20,14,47,2019-10-20,2,"upadate income"
21,9,100,2019-10-20,0,"purchase income"
22,9,100,2019-10-20,0,"purchase income"
23,9,100,2019-10-20,0,"purchase income"
24,11,100,2019-10-21,1,"new coupon income from the company: Mega"
25,14,120,2019-10-21,2,"coupon update income from the company: BBB"
26,14,120,2019-10-21,2,"coupon update income from the company: BBB"
