[
    {
        "id": 2,
        "firstName": "shir",
        "lastName": "topaz",
        "email": "shir@gmail.com",
        "password": "2345",
        "coupons": null
    },
    {
        "id": 6,
        "firstName": "Ido",
        "lastName": "Ashkenazi",
        "email": "idoa@mail.com",
        "password": "4563",
        "coupons": null
    },
    {
        "id": 7,
        "firstName": "Chris",
        "lastName": "Hamsworth",
        "email": "chrish@mail.com",
        "password": "12345",
        "coupons": null
    },
    {
        "id": 8,
        "firstName": "Honey",
        "lastName": "Goldman",
        "email": "honey@mail.com",
        "password": "1234",
        "coupons": null
    }
]